{
    "1.14.6005.0": 1586901600,
    "1.16.10004.0": 1605567600,
    "1.16.1002.0": 1595282400,
    "1.16.102.0": 1593381600,
    "1.16.2.0": 1592863200,
    "1.16.20002.0": 1607382000,
    "1.16.2003.0": 1597096800,
    "1.16.20102.0": 1607986800,
    "1.16.21005.0": 1615244400,
    "1.16.22002.0": 1617660000,
    "1.16.22101.0": 1619042400,
    "1.16.4002.0": 1599084000,
    "1.17.1004.0": 1626127200,
    "1.17.1101.0": 1628460000,
    "1.17.2.0": 1623103200,
    "1.17.201.0": 1624312800,
    "1.17.3004.0": 1632175200,
    "1.17.3202.0": 1632952800,
    "1.17.3402.0": 1633471200,
    "1.17.4006.0": 1634594400,
    "1.17.4101.0": 1635285600,
    "1.18.1004.0": 1644274800,
    "1.18.102.0": 1638745200,
    "1.18.1201.0": 1644966000,
    "1.18.2.0": 1638226800,
    "1.18.203.0": 1639004400,
    "1.18.3004.0": 1650319200,
    "1.18.3104.0": 1651010400,
    "1.19.1003.0": 1657576800,
    "1.19.1101.0": 1658786400,
    "1.19.2002.0": 1659996000,
    "1.19.202.0": 1655848800,
    "1.19.2101.0": 1661205600,
    "1.19.2201.0": 1661983200,
    "1.19.3004.0": 1663624800,
    "1.19.3101.0": 1664834400,
    "1.19.4002.0": 1666648800,
    "1.19.4101.0": 1667430000,
    "1.19.5.0": 1654552800,
    "1.19.5002.0": 1669676400,
    "1.19.5101.0": 1670886000,
    "1.19.6003.0": 1675810800,
    "1.19.6201.0": 1676502000,
    "1.19.6301.0": 1677193200,
    "1.19.7002.0": 1678748400,
    "1.19.7102.0": 1679007600,
    "1.19.7302.0": 1680040800,
    "1.19.8002.0": 1682460000,
    "1.19.8101.0": 1682546400,
    "1.19.8301.0": 1684274400,
    "1.20.1.0": 1686088800,
    "1.20.1001.0": 1689026400,
    "1.20.102.0": 1687298400,
    "1.20.1201.0": 1689631200,
    "1.20.1501.0": 1692309600,
    "1.20.3002.0": 1695074400,
    "1.20.3101.0": 1695679200,
    "1.20.3203.0": 1696456800,
    "1.20.4001.0": 1698098400,
    "1.20.4102.0": 1698879600,
    "1.20.5003.0": 1701730800,
    "1.20.5101.0": 1702508400,
    "1.20.6004.0": 1707174000,
    "1.20.6201.0": 1707951600,
    "1.20.7101.0": 1710198000,
    "1.20.7201.0": 1711062000,
    "1.20.7301.0": 1711922400,
    "1.20.8005.0": 1713823200,
    "1.20.8101.0": 1714341600,
    "1.21.103.0": 1718834400,
    "1.21.3.0": 1718229600
}